Query 0001 Demo Title,Query 0001 Demo Content
Query 0002 Demo Title,Query 0002 Demo Content
Query 0003 Demo Title,Query 0003 Demo Content
Query 0004 Demo Title,Query 0004 Demo Content
Query 0005 Demo Title,Query 0005 Demo Content
Query 0006 Demo Title,Query 0006 Demo Content
Query 0007 Demo Title,Query 0007 Demo Content
Query 0008 Demo Title,Query 0008 Demo Content
Query 0009 Demo Title,Query 0009 Demo Content
Query 0010 Demo Title,Query 0010 Demo Content
Query 0011 Demo Title,Query 0011 Demo Content
Query 0012 Demo Title,Query 0012 Demo Content
Query 0013 Demo Title,Query 0013 Demo Content
Query 0014 Demo Title,Query 0014 Demo Content
Query 0015 Demo Title,Query 0015 Demo Content
Query 0016 Demo Title,Query 0016 Demo Content
Query 0017 Demo Title,Query 0017 Demo Content
Query 0018 Demo Title,Query 0018 Demo Content
Query 0019 Demo Title,Query 0019 Demo Content
Query 0020 Demo Title,Query 0020 Demo Content
Query 0021 Demo Title,Query 0021 Demo Content
Query 0022 Demo Title,Query 0022 Demo Content
Query 0023 Demo Title,Query 0023 Demo Content
Query 0024 Demo Title,Query 0024 Demo Content
Query 0025 Demo Title,Query 0025 Demo Content
Query 0026 Demo Title,Query 0026 Demo Content
Query 0027 Demo Title,Query 0027 Demo Content
Query 0028 Demo Title,Query 0028 Demo Content
Query 0029 Demo Title,Query 0029 Demo Content
Query 0030 Demo Title,Query 0030 Demo Content
Query 0031 Demo Title,Query 0031 Demo Content
Query 0032 Demo Title,Query 0032 Demo Content
Query 0033 Demo Title,Query 0033 Demo Content
Query 0034 Demo Title,Query 0034 Demo Content
Query 0035 Demo Title,Query 0035 Demo Content
Query 0036 Demo Title,Query 0036 Demo Content
Query 0037 Demo Title,Query 0037 Demo Content
Query 0038 Demo Title,Query 0038 Demo Content
Query 0039 Demo Title,Query 0039 Demo Content
Query 0040 Demo Title,Query 0040 Demo Content
Query 0041 Demo Title,Query 0041 Demo Content
Query 0042 Demo Title,Query 0042 Demo Content
Query 0043 Demo Title,Query 0043 Demo Content
Query 0044 Demo Title,Query 0044 Demo Content
Query 0045 Demo Title,Query 0045 Demo Content
Query 0046 Demo Title,Query 0046 Demo Content
Query 0047 Demo Title,Query 0047 Demo Content
Query 0048 Demo Title,Query 0048 Demo Content
Query 0049 Demo Title,Query 0049 Demo Content
Query 0050 Demo Title,Query 0050 Demo Content
Query 0051 Demo Title,Query 0051 Demo Content
Query 0052 Demo Title,Query 0052 Demo Content
Query 0053 Demo Title,Query 0053 Demo Content
Query 0054 Demo Title,Query 0054 Demo Content
Query 0055 Demo Title,Query 0055 Demo Content
Query 0056 Demo Title,Query 0056 Demo Content
Query 0057 Demo Title,Query 0057 Demo Content
Query 0058 Demo Title,Query 0058 Demo Content
Query 0059 Demo Title,Query 0059 Demo Content
Query 0060 Demo Title,Query 0060 Demo Content
Query 0061 Demo Title,Query 0061 Demo Content
Query 0062 Demo Title,Query 0062 Demo Content
Query 0063 Demo Title,Query 0063 Demo Content
Query 0064 Demo Title,Query 0064 Demo Content
Query 0065 Demo Title,Query 0065 Demo Content
Query 0066 Demo Title,Query 0066 Demo Content
Query 0067 Demo Title,Query 0067 Demo Content
Query 0068 Demo Title,Query 0068 Demo Content
Query 0069 Demo Title,Query 0069 Demo Content
Query 0070 Demo Title,Query 0070 Demo Content
Query 0071 Demo Title,Query 0071 Demo Content
Query 0072 Demo Title,Query 0072 Demo Content
Query 0073 Demo Title,Query 0073 Demo Content
Query 0074 Demo Title,Query 0074 Demo Content
Query 0075 Demo Title,Query 0075 Demo Content
Query 0076 Demo Title,Query 0076 Demo Content
Query 0077 Demo Title,Query 0077 Demo Content
Query 0078 Demo Title,Query 0078 Demo Content
Query 0079 Demo Title,Query 0079 Demo Content
Query 0080 Demo Title,Query 0080 Demo Content
Query 0081 Demo Title,Query 0081 Demo Content
Query 0082 Demo Title,Query 0082 Demo Content
Query 0083 Demo Title,Query 0083 Demo Content
Query 0084 Demo Title,Query 0084 Demo Content
Query 0085 Demo Title,Query 0085 Demo Content
Query 0086 Demo Title,Query 0086 Demo Content
Query 0087 Demo Title,Query 0087 Demo Content
Query 0088 Demo Title,Query 0088 Demo Content
Query 0089 Demo Title,Query 0089 Demo Content
Query 0090 Demo Title,Query 0090 Demo Content
Query 0091 Demo Title,Query 0091 Demo Content
Query 0092 Demo Title,Query 0092 Demo Content
Query 0093 Demo Title,Query 0093 Demo Content
Query 0094 Demo Title,Query 0094 Demo Content
Query 0095 Demo Title,Query 0095 Demo Content
Query 0096 Demo Title,Query 0096 Demo Content
Query 0097 Demo Title,Query 0097 Demo Content
Query 0098 Demo Title,Query 0098 Demo Content
Query 0099 Demo Title,Query 0099 Demo Content
Query 0100 Demo Title,Query 0100 Demo Content
Query 0101 Demo Title,Query 0101 Demo Content
Query 0102 Demo Title,Query 0102 Demo Content
Query 0103 Demo Title,Query 0103 Demo Content
Query 0104 Demo Title,Query 0104 Demo Content
Query 0105 Demo Title,Query 0105 Demo Content
Query 0106 Demo Title,Query 0106 Demo Content
Query 0107 Demo Title,Query 0107 Demo Content
Query 0108 Demo Title,Query 0108 Demo Content
Query 0109 Demo Title,Query 0109 Demo Content
Query 0110 Demo Title,Query 0110 Demo Content
Query 0111 Demo Title,Query 0111 Demo Content
Query 0112 Demo Title,Query 0112 Demo Content
Query 0113 Demo Title,Query 0113 Demo Content
Query 0114 Demo Title,Query 0114 Demo Content
Query 0115 Demo Title,Query 0115 Demo Content
Query 0116 Demo Title,Query 0116 Demo Content
Query 0117 Demo Title,Query 0117 Demo Content
Query 0118 Demo Title,Query 0118 Demo Content
Query 0119 Demo Title,Query 0119 Demo Content
Query 0120 Demo Title,Query 0120 Demo Content
Query 0121 Demo Title,Query 0121 Demo Content
Query 0122 Demo Title,Query 0122 Demo Content
Query 0123 Demo Title,Query 0123 Demo Content
Query 0124 Demo Title,Query 0124 Demo Content
Query 0125 Demo Title,Query 0125 Demo Content
Query 0126 Demo Title,Query 0126 Demo Content
Query 0127 Demo Title,Query 0127 Demo Content
Query 0128 Demo Title,Query 0128 Demo Content
Query 0129 Demo Title,Query 0129 Demo Content
Query 0130 Demo Title,Query 0130 Demo Content
Query 0131 Demo Title,Query 0131 Demo Content
Query 0132 Demo Title,Query 0132 Demo Content
Query 0133 Demo Title,Query 0133 Demo Content
Query 0134 Demo Title,Query 0134 Demo Content
Query 0135 Demo Title,Query 0135 Demo Content
Query 0136 Demo Title,Query 0136 Demo Content
Query 0137 Demo Title,Query 0137 Demo Content
Query 0138 Demo Title,Query 0138 Demo Content
Query 0139 Demo Title,Query 0139 Demo Content
Query 0140 Demo Title,Query 0140 Demo Content
Query 0141 Demo Title,Query 0141 Demo Content
Query 0142 Demo Title,Query 0142 Demo Content
Query 0143 Demo Title,Query 0143 Demo Content
Query 0144 Demo Title,Query 0144 Demo Content
Query 0145 Demo Title,Query 0145 Demo Content
Query 0146 Demo Title,Query 0146 Demo Content
Query 0147 Demo Title,Query 0147 Demo Content
Query 0148 Demo Title,Query 0148 Demo Content
Query 0149 Demo Title,Query 0149 Demo Content
Query 0150 Demo Title,Query 0150 Demo Content
Query 0151 Demo Title,Query 0151 Demo Content
Query 0152 Demo Title,Query 0152 Demo Content
Query 0153 Demo Title,Query 0153 Demo Content
Query 0154 Demo Title,Query 0154 Demo Content
Query 0155 Demo Title,Query 0155 Demo Content
Query 0156 Demo Title,Query 0156 Demo Content
Query 0157 Demo Title,Query 0157 Demo Content
Query 0158 Demo Title,Query 0158 Demo Content
Query 0159 Demo Title,Query 0159 Demo Content
Query 0160 Demo Title,Query 0160 Demo Content
Query 0161 Demo Title,Query 0161 Demo Content
Query 0162 Demo Title,Query 0162 Demo Content
Query 0163 Demo Title,Query 0163 Demo Content
Query 0164 Demo Title,Query 0164 Demo Content
Query 0165 Demo Title,Query 0165 Demo Content
Query 0166 Demo Title,Query 0166 Demo Content
Query 0167 Demo Title,Query 0167 Demo Content
Query 0168 Demo Title,Query 0168 Demo Content
Query 0169 Demo Title,Query 0169 Demo Content
Query 0170 Demo Title,Query 0170 Demo Content
Query 0171 Demo Title,Query 0171 Demo Content
Query 0172 Demo Title,Query 0172 Demo Content
Query 0173 Demo Title,Query 0173 Demo Content
Query 0174 Demo Title,Query 0174 Demo Content
Query 0175 Demo Title,Query 0175 Demo Content
Query 0176 Demo Title,Query 0176 Demo Content
Query 0177 Demo Title,Query 0177 Demo Content
Query 0178 Demo Title,Query 0178 Demo Content
Query 0179 Demo Title,Query 0179 Demo Content
Query 0180 Demo Title,Query 0180 Demo Content
Query 0181 Demo Title,Query 0181 Demo Content
Query 0182 Demo Title,Query 0182 Demo Content
Query 0183 Demo Title,Query 0183 Demo Content
Query 0184 Demo Title,Query 0184 Demo Content
Query 0185 Demo Title,Query 0185 Demo Content
Query 0186 Demo Title,Query 0186 Demo Content
Query 0187 Demo Title,Query 0187 Demo Content
Query 0188 Demo Title,Query 0188 Demo Content
Query 0189 Demo Title,Query 0189 Demo Content
Query 0190 Demo Title,Query 0190 Demo Content
Query 0191 Demo Title,Query 0191 Demo Content
Query 0192 Demo Title,Query 0192 Demo Content
Query 0193 Demo Title,Query 0193 Demo Content
Query 0194 Demo Title,Query 0194 Demo Content
Query 0195 Demo Title,Query 0195 Demo Content
Query 0196 Demo Title,Query 0196 Demo Content
Query 0197 Demo Title,Query 0197 Demo Content
Query 0198 Demo Title,Query 0198 Demo Content
Query 0199 Demo Title,Query 0199 Demo Content
Query 0200 Demo Title,Query 0200 Demo Content
Query 0201 Demo Title,Query 0201 Demo Content
Query 0202 Demo Title,Query 0202 Demo Content
Query 0203 Demo Title,Query 0203 Demo Content
Query 0204 Demo Title,Query 0204 Demo Content
Query 0205 Demo Title,Query 0205 Demo Content
Query 0206 Demo Title,Query 0206 Demo Content
Query 0207 Demo Title,Query 0207 Demo Content
Query 0208 Demo Title,Query 0208 Demo Content
Query 0209 Demo Title,Query 0209 Demo Content
Query 0210 Demo Title,Query 0210 Demo Content
Query 0211 Demo Title,Query 0211 Demo Content
Query 0212 Demo Title,Query 0212 Demo Content
Query 0213 Demo Title,Query 0213 Demo Content
Query 0214 Demo Title,Query 0214 Demo Content
Query 0215 Demo Title,Query 0215 Demo Content
Query 0216 Demo Title,Query 0216 Demo Content
Query 0217 Demo Title,Query 0217 Demo Content
Query 0218 Demo Title,Query 0218 Demo Content
Query 0219 Demo Title,Query 0219 Demo Content
Query 0220 Demo Title,Query 0220 Demo Content
Query 0221 Demo Title,Query 0221 Demo Content
Query 0222 Demo Title,Query 0222 Demo Content
Query 0223 Demo Title,Query 0223 Demo Content
Query 0224 Demo Title,Query 0224 Demo Content
Query 0225 Demo Title,Query 0225 Demo Content
Query 0226 Demo Title,Query 0226 Demo Content
Query 0227 Demo Title,Query 0227 Demo Content
Query 0228 Demo Title,Query 0228 Demo Content
Query 0229 Demo Title,Query 0229 Demo Content
Query 0230 Demo Title,Query 0230 Demo Content
Query 0231 Demo Title,Query 0231 Demo Content
Query 0232 Demo Title,Query 0232 Demo Content
Query 0233 Demo Title,Query 0233 Demo Content
Query 0234 Demo Title,Query 0234 Demo Content
Query 0235 Demo Title,Query 0235 Demo Content
Query 0236 Demo Title,Query 0236 Demo Content
Query 0237 Demo Title,Query 0237 Demo Content
Query 0238 Demo Title,Query 0238 Demo Content
Query 0239 Demo Title,Query 0239 Demo Content
Query 0240 Demo Title,Query 0240 Demo Content
Query 0241 Demo Title,Query 0241 Demo Content
Query 0242 Demo Title,Query 0242 Demo Content
Query 0243 Demo Title,Query 0243 Demo Content
Query 0244 Demo Title,Query 0244 Demo Content
Query 0245 Demo Title,Query 0245 Demo Content
Query 0246 Demo Title,Query 0246 Demo Content
Query 0247 Demo Title,Query 0247 Demo Content
Query 0248 Demo Title,Query 0248 Demo Content
Query 0249 Demo Title,Query 0249 Demo Content
Query 0250 Demo Title,Query 0250 Demo Content
Query 0251 Demo Title,Query 0251 Demo Content
Query 0252 Demo Title,Query 0252 Demo Content
Query 0253 Demo Title,Query 0253 Demo Content
Query 0254 Demo Title,Query 0254 Demo Content
Query 0255 Demo Title,Query 0255 Demo Content
Query 0256 Demo Title,Query 0256 Demo Content
Query 0257 Demo Title,Query 0257 Demo Content
Query 0258 Demo Title,Query 0258 Demo Content
Query 0259 Demo Title,Query 0259 Demo Content
Query 0260 Demo Title,Query 0260 Demo Content
Query 0261 Demo Title,Query 0261 Demo Content
Query 0262 Demo Title,Query 0262 Demo Content
Query 0263 Demo Title,Query 0263 Demo Content
Query 0264 Demo Title,Query 0264 Demo Content
Query 0265 Demo Title,Query 0265 Demo Content
Query 0266 Demo Title,Query 0266 Demo Content
Query 0267 Demo Title,Query 0267 Demo Content
Query 0268 Demo Title,Query 0268 Demo Content
Query 0269 Demo Title,Query 0269 Demo Content
Query 0270 Demo Title,Query 0270 Demo Content
Query 0271 Demo Title,Query 0271 Demo Content
Query 0272 Demo Title,Query 0272 Demo Content
Query 0273 Demo Title,Query 0273 Demo Content
Query 0274 Demo Title,Query 0274 Demo Content
Query 0275 Demo Title,Query 0275 Demo Content
Query 0276 Demo Title,Query 0276 Demo Content
Query 0277 Demo Title,Query 0277 Demo Content
Query 0278 Demo Title,Query 0278 Demo Content
Query 0279 Demo Title,Query 0279 Demo Content
Query 0280 Demo Title,Query 0280 Demo Content
Query 0281 Demo Title,Query 0281 Demo Content
Query 0282 Demo Title,Query 0282 Demo Content
Query 0283 Demo Title,Query 0283 Demo Content
Query 0284 Demo Title,Query 0284 Demo Content
Query 0285 Demo Title,Query 0285 Demo Content
Query 0286 Demo Title,Query 0286 Demo Content
Query 0287 Demo Title,Query 0287 Demo Content
Query 0288 Demo Title,Query 0288 Demo Content
Query 0289 Demo Title,Query 0289 Demo Content
Query 0290 Demo Title,Query 0290 Demo Content
Query 0291 Demo Title,Query 0291 Demo Content
Query 0292 Demo Title,Query 0292 Demo Content
Query 0293 Demo Title,Query 0293 Demo Content
Query 0294 Demo Title,Query 0294 Demo Content
Query 0295 Demo Title,Query 0295 Demo Content
Query 0296 Demo Title,Query 0296 Demo Content
Query 0297 Demo Title,Query 0297 Demo Content
Query 0298 Demo Title,Query 0298 Demo Content
Query 0299 Demo Title,Query 0299 Demo Content
Query 0300 Demo Title,Query 0300 Demo Content
Query 0301 Demo Title,Query 0301 Demo Content
Query 0302 Demo Title,Query 0302 Demo Content
Query 0303 Demo Title,Query 0303 Demo Content
Query 0304 Demo Title,Query 0304 Demo Content
Query 0305 Demo Title,Query 0305 Demo Content
Query 0306 Demo Title,Query 0306 Demo Content
Query 0307 Demo Title,Query 0307 Demo Content
Query 0308 Demo Title,Query 0308 Demo Content
Query 0309 Demo Title,Query 0309 Demo Content
Query 0310 Demo Title,Query 0310 Demo Content
Query 0311 Demo Title,Query 0311 Demo Content
Query 0312 Demo Title,Query 0312 Demo Content
Query 0313 Demo Title,Query 0313 Demo Content
Query 0314 Demo Title,Query 0314 Demo Content
Query 0315 Demo Title,Query 0315 Demo Content
Query 0316 Demo Title,Query 0316 Demo Content
Query 0317 Demo Title,Query 0317 Demo Content
Query 0318 Demo Title,Query 0318 Demo Content
Query 0319 Demo Title,Query 0319 Demo Content
Query 0320 Demo Title,Query 0320 Demo Content
Query 0321 Demo Title,Query 0321 Demo Content
Query 0322 Demo Title,Query 0322 Demo Content
Query 0323 Demo Title,Query 0323 Demo Content
Query 0324 Demo Title,Query 0324 Demo Content
Query 0325 Demo Title,Query 0325 Demo Content
Query 0326 Demo Title,Query 0326 Demo Content
Query 0327 Demo Title,Query 0327 Demo Content
Query 0328 Demo Title,Query 0328 Demo Content
Query 0329 Demo Title,Query 0329 Demo Content
Query 0330 Demo Title,Query 0330 Demo Content
Query 0331 Demo Title,Query 0331 Demo Content
Query 0332 Demo Title,Query 0332 Demo Content
Query 0333 Demo Title,Query 0333 Demo Content
Query 0334 Demo Title,Query 0334 Demo Content
Query 0335 Demo Title,Query 0335 Demo Content
Query 0336 Demo Title,Query 0336 Demo Content
Query 0337 Demo Title,Query 0337 Demo Content
Query 0338 Demo Title,Query 0338 Demo Content
Query 0339 Demo Title,Query 0339 Demo Content
Query 0340 Demo Title,Query 0340 Demo Content
Query 0341 Demo Title,Query 0341 Demo Content
Query 0342 Demo Title,Query 0342 Demo Content
Query 0343 Demo Title,Query 0343 Demo Content
Query 0344 Demo Title,Query 0344 Demo Content
Query 0345 Demo Title,Query 0345 Demo Content
Query 0346 Demo Title,Query 0346 Demo Content
Query 0347 Demo Title,Query 0347 Demo Content
Query 0348 Demo Title,Query 0348 Demo Content
Query 0349 Demo Title,Query 0349 Demo Content
Query 0350 Demo Title,Query 0350 Demo Content
Query 0351 Demo Title,Query 0351 Demo Content
Query 0352 Demo Title,Query 0352 Demo Content
Query 0353 Demo Title,Query 0353 Demo Content
Query 0354 Demo Title,Query 0354 Demo Content
Query 0355 Demo Title,Query 0355 Demo Content
Query 0356 Demo Title,Query 0356 Demo Content
Query 0357 Demo Title,Query 0357 Demo Content
Query 0358 Demo Title,Query 0358 Demo Content
Query 0359 Demo Title,Query 0359 Demo Content
Query 0360 Demo Title,Query 0360 Demo Content
Query 0361 Demo Title,Query 0361 Demo Content
Query 0362 Demo Title,Query 0362 Demo Content
Query 0363 Demo Title,Query 0363 Demo Content
Query 0364 Demo Title,Query 0364 Demo Content
Query 0365 Demo Title,Query 0365 Demo Content
Query 0366 Demo Title,Query 0366 Demo Content
Query 0367 Demo Title,Query 0367 Demo Content
Query 0368 Demo Title,Query 0368 Demo Content
Query 0369 Demo Title,Query 0369 Demo Content
Query 0370 Demo Title,Query 0370 Demo Content
Query 0371 Demo Title,Query 0371 Demo Content
Query 0372 Demo Title,Query 0372 Demo Content
Query 0373 Demo Title,Query 0373 Demo Content
Query 0374 Demo Title,Query 0374 Demo Content
Query 0375 Demo Title,Query 0375 Demo Content
Query 0376 Demo Title,Query 0376 Demo Content
Query 0377 Demo Title,Query 0377 Demo Content
Query 0378 Demo Title,Query 0378 Demo Content
Query 0379 Demo Title,Query 0379 Demo Content
Query 0380 Demo Title,Query 0380 Demo Content
Query 0381 Demo Title,Query 0381 Demo Content
Query 0382 Demo Title,Query 0382 Demo Content
Query 0383 Demo Title,Query 0383 Demo Content
Query 0384 Demo Title,Query 0384 Demo Content
Query 0385 Demo Title,Query 0385 Demo Content
Query 0386 Demo Title,Query 0386 Demo Content
Query 0387 Demo Title,Query 0387 Demo Content
Query 0388 Demo Title,Query 0388 Demo Content
Query 0389 Demo Title,Query 0389 Demo Content
Query 0390 Demo Title,Query 0390 Demo Content
Query 0391 Demo Title,Query 0391 Demo Content
Query 0392 Demo Title,Query 0392 Demo Content
Query 0393 Demo Title,Query 0393 Demo Content
Query 0394 Demo Title,Query 0394 Demo Content
Query 0395 Demo Title,Query 0395 Demo Content
Query 0396 Demo Title,Query 0396 Demo Content
Query 0397 Demo Title,Query 0397 Demo Content
Query 0398 Demo Title,Query 0398 Demo Content
Query 0399 Demo Title,Query 0399 Demo Content
Query 0400 Demo Title,Query 0400 Demo Content
Query 0401 Demo Title,Query 0401 Demo Content
Query 0402 Demo Title,Query 0402 Demo Content
Query 0403 Demo Title,Query 0403 Demo Content
Query 0404 Demo Title,Query 0404 Demo Content
Query 0405 Demo Title,Query 0405 Demo Content
Query 0406 Demo Title,Query 0406 Demo Content
Query 0407 Demo Title,Query 0407 Demo Content
Query 0408 Demo Title,Query 0408 Demo Content
Query 0409 Demo Title,Query 0409 Demo Content
Query 0410 Demo Title,Query 0410 Demo Content
Query 0411 Demo Title,Query 0411 Demo Content
Query 0412 Demo Title,Query 0412 Demo Content
Query 0413 Demo Title,Query 0413 Demo Content
Query 0414 Demo Title,Query 0414 Demo Content
Query 0415 Demo Title,Query 0415 Demo Content
Query 0416 Demo Title,Query 0416 Demo Content
Query 0417 Demo Title,Query 0417 Demo Content
Query 0418 Demo Title,Query 0418 Demo Content
Query 0419 Demo Title,Query 0419 Demo Content
Query 0420 Demo Title,Query 0420 Demo Content
Query 0421 Demo Title,Query 0421 Demo Content
Query 0422 Demo Title,Query 0422 Demo Content
Query 0423 Demo Title,Query 0423 Demo Content
Query 0424 Demo Title,Query 0424 Demo Content
Query 0425 Demo Title,Query 0425 Demo Content
Query 0426 Demo Title,Query 0426 Demo Content
Query 0427 Demo Title,Query 0427 Demo Content
Query 0428 Demo Title,Query 0428 Demo Content
Query 0429 Demo Title,Query 0429 Demo Content
Query 0430 Demo Title,Query 0430 Demo Content
Query 0431 Demo Title,Query 0431 Demo Content
Query 0432 Demo Title,Query 0432 Demo Content
Query 0433 Demo Title,Query 0433 Demo Content
Query 0434 Demo Title,Query 0434 Demo Content
Query 0435 Demo Title,Query 0435 Demo Content
Query 0436 Demo Title,Query 0436 Demo Content
Query 0437 Demo Title,Query 0437 Demo Content
Query 0438 Demo Title,Query 0438 Demo Content
Query 0439 Demo Title,Query 0439 Demo Content
Query 0440 Demo Title,Query 0440 Demo Content
Query 0441 Demo Title,Query 0441 Demo Content
Query 0442 Demo Title,Query 0442 Demo Content
Query 0443 Demo Title,Query 0443 Demo Content
Query 0444 Demo Title,Query 0444 Demo Content
Query 0445 Demo Title,Query 0445 Demo Content
Query 0446 Demo Title,Query 0446 Demo Content
Query 0447 Demo Title,Query 0447 Demo Content
Query 0448 Demo Title,Query 0448 Demo Content
Query 0449 Demo Title,Query 0449 Demo Content
Query 0450 Demo Title,Query 0450 Demo Content
Query 0451 Demo Title,Query 0451 Demo Content
Query 0452 Demo Title,Query 0452 Demo Content
Query 0453 Demo Title,Query 0453 Demo Content
Query 0454 Demo Title,Query 0454 Demo Content
Query 0455 Demo Title,Query 0455 Demo Content
Query 0456 Demo Title,Query 0456 Demo Content
Query 0457 Demo Title,Query 0457 Demo Content
Query 0458 Demo Title,Query 0458 Demo Content
Query 0459 Demo Title,Query 0459 Demo Content
Query 0460 Demo Title,Query 0460 Demo Content
Query 0461 Demo Title,Query 0461 Demo Content
Query 0462 Demo Title,Query 0462 Demo Content
Query 0463 Demo Title,Query 0463 Demo Content
Query 0464 Demo Title,Query 0464 Demo Content
Query 0465 Demo Title,Query 0465 Demo Content
Query 0466 Demo Title,Query 0466 Demo Content
Query 0467 Demo Title,Query 0467 Demo Content
Query 0468 Demo Title,Query 0468 Demo Content
Query 0469 Demo Title,Query 0469 Demo Content
Query 0470 Demo Title,Query 0470 Demo Content
Query 0471 Demo Title,Query 0471 Demo Content
Query 0472 Demo Title,Query 0472 Demo Content
Query 0473 Demo Title,Query 0473 Demo Content
Query 0474 Demo Title,Query 0474 Demo Content
Query 0475 Demo Title,Query 0475 Demo Content
Query 0476 Demo Title,Query 0476 Demo Content
Query 0477 Demo Title,Query 0477 Demo Content
Query 0478 Demo Title,Query 0478 Demo Content
Query 0479 Demo Title,Query 0479 Demo Content
Query 0480 Demo Title,Query 0480 Demo Content
Query 0481 Demo Title,Query 0481 Demo Content
Query 0482 Demo Title,Query 0482 Demo Content
Query 0483 Demo Title,Query 0483 Demo Content
Query 0484 Demo Title,Query 0484 Demo Content
Query 0485 Demo Title,Query 0485 Demo Content
Query 0486 Demo Title,Query 0486 Demo Content
Query 0487 Demo Title,Query 0487 Demo Content
Query 0488 Demo Title,Query 0488 Demo Content
Query 0489 Demo Title,Query 0489 Demo Content
Query 0490 Demo Title,Query 0490 Demo Content
Query 0491 Demo Title,Query 0491 Demo Content
Query 0492 Demo Title,Query 0492 Demo Content
Query 0493 Demo Title,Query 0493 Demo Content
Query 0494 Demo Title,Query 0494 Demo Content
Query 0495 Demo Title,Query 0495 Demo Content
Query 0496 Demo Title,Query 0496 Demo Content
Query 0497 Demo Title,Query 0497 Demo Content
Query 0498 Demo Title,Query 0498 Demo Content
Query 0499 Demo Title,Query 0499 Demo Content
Query 0500 Demo Title,Query 0500 Demo Content
Query 0501 Demo Title,Query 0501 Demo Content
Query 0502 Demo Title,Query 0502 Demo Content
Query 0503 Demo Title,Query 0503 Demo Content
Query 0504 Demo Title,Query 0504 Demo Content
Query 0505 Demo Title,Query 0505 Demo Content
Query 0506 Demo Title,Query 0506 Demo Content
Query 0507 Demo Title,Query 0507 Demo Content
Query 0508 Demo Title,Query 0508 Demo Content
Query 0509 Demo Title,Query 0509 Demo Content
Query 0510 Demo Title,Query 0510 Demo Content
Query 0511 Demo Title,Query 0511 Demo Content
Query 0512 Demo Title,Query 0512 Demo Content
Query 0513 Demo Title,Query 0513 Demo Content
Query 0514 Demo Title,Query 0514 Demo Content
Query 0515 Demo Title,Query 0515 Demo Content
Query 0516 Demo Title,Query 0516 Demo Content
Query 0517 Demo Title,Query 0517 Demo Content
Query 0518 Demo Title,Query 0518 Demo Content
Query 0519 Demo Title,Query 0519 Demo Content
Query 0520 Demo Title,Query 0520 Demo Content
Query 0521 Demo Title,Query 0521 Demo Content
Query 0522 Demo Title,Query 0522 Demo Content
Query 0523 Demo Title,Query 0523 Demo Content
Query 0524 Demo Title,Query 0524 Demo Content
Query 0525 Demo Title,Query 0525 Demo Content
Query 0526 Demo Title,Query 0526 Demo Content
Query 0527 Demo Title,Query 0527 Demo Content
Query 0528 Demo Title,Query 0528 Demo Content
Query 0529 Demo Title,Query 0529 Demo Content
Query 0530 Demo Title,Query 0530 Demo Content
Query 0531 Demo Title,Query 0531 Demo Content
Query 0532 Demo Title,Query 0532 Demo Content
Query 0533 Demo Title,Query 0533 Demo Content
Query 0534 Demo Title,Query 0534 Demo Content
Query 0535 Demo Title,Query 0535 Demo Content
Query 0536 Demo Title,Query 0536 Demo Content
Query 0537 Demo Title,Query 0537 Demo Content
Query 0538 Demo Title,Query 0538 Demo Content
Query 0539 Demo Title,Query 0539 Demo Content
Query 0540 Demo Title,Query 0540 Demo Content
Query 0541 Demo Title,Query 0541 Demo Content
Query 0542 Demo Title,Query 0542 Demo Content
Query 0543 Demo Title,Query 0543 Demo Content
Query 0544 Demo Title,Query 0544 Demo Content
Query 0545 Demo Title,Query 0545 Demo Content
Query 0546 Demo Title,Query 0546 Demo Content
Query 0547 Demo Title,Query 0547 Demo Content
Query 0548 Demo Title,Query 0548 Demo Content
Query 0549 Demo Title,Query 0549 Demo Content
Query 0550 Demo Title,Query 0550 Demo Content
Query 0551 Demo Title,Query 0551 Demo Content
Query 0552 Demo Title,Query 0552 Demo Content
Query 0553 Demo Title,Query 0553 Demo Content
Query 0554 Demo Title,Query 0554 Demo Content
Query 0555 Demo Title,Query 0555 Demo Content
Query 0556 Demo Title,Query 0556 Demo Content
Query 0557 Demo Title,Query 0557 Demo Content
Query 0558 Demo Title,Query 0558 Demo Content
Query 0559 Demo Title,Query 0559 Demo Content
Query 0560 Demo Title,Query 0560 Demo Content
Query 0561 Demo Title,Query 0561 Demo Content
Query 0562 Demo Title,Query 0562 Demo Content
Query 0563 Demo Title,Query 0563 Demo Content
Query 0564 Demo Title,Query 0564 Demo Content
Query 0565 Demo Title,Query 0565 Demo Content
Query 0566 Demo Title,Query 0566 Demo Content
Query 0567 Demo Title,Query 0567 Demo Content
Query 0568 Demo Title,Query 0568 Demo Content
Query 0569 Demo Title,Query 0569 Demo Content
Query 0570 Demo Title,Query 0570 Demo Content
Query 0571 Demo Title,Query 0571 Demo Content
Query 0572 Demo Title,Query 0572 Demo Content
Query 0573 Demo Title,Query 0573 Demo Content
Query 0574 Demo Title,Query 0574 Demo Content
Query 0575 Demo Title,Query 0575 Demo Content
Query 0576 Demo Title,Query 0576 Demo Content
Query 0577 Demo Title,Query 0577 Demo Content
Query 0578 Demo Title,Query 0578 Demo Content
Query 0579 Demo Title,Query 0579 Demo Content
Query 0580 Demo Title,Query 0580 Demo Content
Query 0581 Demo Title,Query 0581 Demo Content
Query 0582 Demo Title,Query 0582 Demo Content
Query 0583 Demo Title,Query 0583 Demo Content
Query 0584 Demo Title,Query 0584 Demo Content
Query 0585 Demo Title,Query 0585 Demo Content
Query 0586 Demo Title,Query 0586 Demo Content
Query 0587 Demo Title,Query 0587 Demo Content
Query 0588 Demo Title,Query 0588 Demo Content
Query 0589 Demo Title,Query 0589 Demo Content
Query 0590 Demo Title,Query 0590 Demo Content
Query 0591 Demo Title,Query 0591 Demo Content
Query 0592 Demo Title,Query 0592 Demo Content
Query 0593 Demo Title,Query 0593 Demo Content
Query 0594 Demo Title,Query 0594 Demo Content
Query 0595 Demo Title,Query 0595 Demo Content
Query 0596 Demo Title,Query 0596 Demo Content
Query 0597 Demo Title,Query 0597 Demo Content
Query 0598 Demo Title,Query 0598 Demo Content
Query 0599 Demo Title,Query 0599 Demo Content
Query 0600 Demo Title,Query 0600 Demo Content
Query 0601 Demo Title,Query 0601 Demo Content
Query 0602 Demo Title,Query 0602 Demo Content
Query 0603 Demo Title,Query 0603 Demo Content
Query 0604 Demo Title,Query 0604 Demo Content
Query 0605 Demo Title,Query 0605 Demo Content
Query 0606 Demo Title,Query 0606 Demo Content
Query 0607 Demo Title,Query 0607 Demo Content
Query 0608 Demo Title,Query 0608 Demo Content
Query 0609 Demo Title,Query 0609 Demo Content
Query 0610 Demo Title,Query 0610 Demo Content
Query 0611 Demo Title,Query 0611 Demo Content
Query 0612 Demo Title,Query 0612 Demo Content
Query 0613 Demo Title,Query 0613 Demo Content
Query 0614 Demo Title,Query 0614 Demo Content
Query 0615 Demo Title,Query 0615 Demo Content
Query 0616 Demo Title,Query 0616 Demo Content
Query 0617 Demo Title,Query 0617 Demo Content
Query 0618 Demo Title,Query 0618 Demo Content
Query 0619 Demo Title,Query 0619 Demo Content
Query 0620 Demo Title,Query 0620 Demo Content
Query 0621 Demo Title,Query 0621 Demo Content
Query 0622 Demo Title,Query 0622 Demo Content
Query 0623 Demo Title,Query 0623 Demo Content
Query 0624 Demo Title,Query 0624 Demo Content
Query 0625 Demo Title,Query 0625 Demo Content
Query 0626 Demo Title,Query 0626 Demo Content
Query 0627 Demo Title,Query 0627 Demo Content
Query 0628 Demo Title,Query 0628 Demo Content
Query 0629 Demo Title,Query 0629 Demo Content
Query 0630 Demo Title,Query 0630 Demo Content
Query 0631 Demo Title,Query 0631 Demo Content
Query 0632 Demo Title,Query 0632 Demo Content
Query 0633 Demo Title,Query 0633 Demo Content
Query 0634 Demo Title,Query 0634 Demo Content
Query 0635 Demo Title,Query 0635 Demo Content
Query 0636 Demo Title,Query 0636 Demo Content
Query 0637 Demo Title,Query 0637 Demo Content
Query 0638 Demo Title,Query 0638 Demo Content
Query 0639 Demo Title,Query 0639 Demo Content
Query 0640 Demo Title,Query 0640 Demo Content
Query 0641 Demo Title,Query 0641 Demo Content
Query 0642 Demo Title,Query 0642 Demo Content
Query 0643 Demo Title,Query 0643 Demo Content
Query 0644 Demo Title,Query 0644 Demo Content
Query 0645 Demo Title,Query 0645 Demo Content
Query 0646 Demo Title,Query 0646 Demo Content
Query 0647 Demo Title,Query 0647 Demo Content
Query 0648 Demo Title,Query 0648 Demo Content
Query 0649 Demo Title,Query 0649 Demo Content
Query 0650 Demo Title,Query 0650 Demo Content
Query 0651 Demo Title,Query 0651 Demo Content
Query 0652 Demo Title,Query 0652 Demo Content
Query 0653 Demo Title,Query 0653 Demo Content
Query 0654 Demo Title,Query 0654 Demo Content
Query 0655 Demo Title,Query 0655 Demo Content
Query 0656 Demo Title,Query 0656 Demo Content
Query 0657 Demo Title,Query 0657 Demo Content
Query 0658 Demo Title,Query 0658 Demo Content
Query 0659 Demo Title,Query 0659 Demo Content
Query 0660 Demo Title,Query 0660 Demo Content
Query 0661 Demo Title,Query 0661 Demo Content
Query 0662 Demo Title,Query 0662 Demo Content
Query 0663 Demo Title,Query 0663 Demo Content
Query 0664 Demo Title,Query 0664 Demo Content
Query 0665 Demo Title,Query 0665 Demo Content
Query 0666 Demo Title,Query 0666 Demo Content
Query 0667 Demo Title,Query 0667 Demo Content
Query 0668 Demo Title,Query 0668 Demo Content
Query 0669 Demo Title,Query 0669 Demo Content
Query 0670 Demo Title,Query 0670 Demo Content
Query 0671 Demo Title,Query 0671 Demo Content
Query 0672 Demo Title,Query 0672 Demo Content
Query 0673 Demo Title,Query 0673 Demo Content
Query 0674 Demo Title,Query 0674 Demo Content
Query 0675 Demo Title,Query 0675 Demo Content
Query 0676 Demo Title,Query 0676 Demo Content
Query 0677 Demo Title,Query 0677 Demo Content
Query 0678 Demo Title,Query 0678 Demo Content
Query 0679 Demo Title,Query 0679 Demo Content
Query 0680 Demo Title,Query 0680 Demo Content
Query 0681 Demo Title,Query 0681 Demo Content
Query 0682 Demo Title,Query 0682 Demo Content
Query 0683 Demo Title,Query 0683 Demo Content
Query 0684 Demo Title,Query 0684 Demo Content
Query 0685 Demo Title,Query 0685 Demo Content
Query 0686 Demo Title,Query 0686 Demo Content
Query 0687 Demo Title,Query 0687 Demo Content
Query 0688 Demo Title,Query 0688 Demo Content
Query 0689 Demo Title,Query 0689 Demo Content
Query 0690 Demo Title,Query 0690 Demo Content
Query 0691 Demo Title,Query 0691 Demo Content
Query 0692 Demo Title,Query 0692 Demo Content
Query 0693 Demo Title,Query 0693 Demo Content
Query 0694 Demo Title,Query 0694 Demo Content
Query 0695 Demo Title,Query 0695 Demo Content
Query 0696 Demo Title,Query 0696 Demo Content
Query 0697 Demo Title,Query 0697 Demo Content
Query 0698 Demo Title,Query 0698 Demo Content
Query 0699 Demo Title,Query 0699 Demo Content
Query 0700 Demo Title,Query 0700 Demo Content
Query 0701 Demo Title,Query 0701 Demo Content
Query 0702 Demo Title,Query 0702 Demo Content
Query 0703 Demo Title,Query 0703 Demo Content
Query 0704 Demo Title,Query 0704 Demo Content
Query 0705 Demo Title,Query 0705 Demo Content
Query 0706 Demo Title,Query 0706 Demo Content
Query 0707 Demo Title,Query 0707 Demo Content
Query 0708 Demo Title,Query 0708 Demo Content
Query 0709 Demo Title,Query 0709 Demo Content
Query 0710 Demo Title,Query 0710 Demo Content
Query 0711 Demo Title,Query 0711 Demo Content
Query 0712 Demo Title,Query 0712 Demo Content
Query 0713 Demo Title,Query 0713 Demo Content
Query 0714 Demo Title,Query 0714 Demo Content
Query 0715 Demo Title,Query 0715 Demo Content
Query 0716 Demo Title,Query 0716 Demo Content
Query 0717 Demo Title,Query 0717 Demo Content
Query 0718 Demo Title,Query 0718 Demo Content
Query 0719 Demo Title,Query 0719 Demo Content
Query 0720 Demo Title,Query 0720 Demo Content
Query 0721 Demo Title,Query 0721 Demo Content
Query 0722 Demo Title,Query 0722 Demo Content
Query 0723 Demo Title,Query 0723 Demo Content
Query 0724 Demo Title,Query 0724 Demo Content
Query 0725 Demo Title,Query 0725 Demo Content
Query 0726 Demo Title,Query 0726 Demo Content
Query 0727 Demo Title,Query 0727 Demo Content
Query 0728 Demo Title,Query 0728 Demo Content
Query 0729 Demo Title,Query 0729 Demo Content
Query 0730 Demo Title,Query 0730 Demo Content
Query 0731 Demo Title,Query 0731 Demo Content
Query 0732 Demo Title,Query 0732 Demo Content
Query 0733 Demo Title,Query 0733 Demo Content
Query 0734 Demo Title,Query 0734 Demo Content
Query 0735 Demo Title,Query 0735 Demo Content
Query 0736 Demo Title,Query 0736 Demo Content
Query 0737 Demo Title,Query 0737 Demo Content
Query 0738 Demo Title,Query 0738 Demo Content
Query 0739 Demo Title,Query 0739 Demo Content
Query 0740 Demo Title,Query 0740 Demo Content
Query 0741 Demo Title,Query 0741 Demo Content
Query 0742 Demo Title,Query 0742 Demo Content
Query 0743 Demo Title,Query 0743 Demo Content
Query 0744 Demo Title,Query 0744 Demo Content
Query 0745 Demo Title,Query 0745 Demo Content
Query 0746 Demo Title,Query 0746 Demo Content
Query 0747 Demo Title,Query 0747 Demo Content
Query 0748 Demo Title,Query 0748 Demo Content
Query 0749 Demo Title,Query 0749 Demo Content
Query 0750 Demo Title,Query 0750 Demo Content
Query 0751 Demo Title,Query 0751 Demo Content
Query 0752 Demo Title,Query 0752 Demo Content
Query 0753 Demo Title,Query 0753 Demo Content
Query 0754 Demo Title,Query 0754 Demo Content
Query 0755 Demo Title,Query 0755 Demo Content
Query 0756 Demo Title,Query 0756 Demo Content
Query 0757 Demo Title,Query 0757 Demo Content
Query 0758 Demo Title,Query 0758 Demo Content
Query 0759 Demo Title,Query 0759 Demo Content
Query 0760 Demo Title,Query 0760 Demo Content
Query 0761 Demo Title,Query 0761 Demo Content
Query 0762 Demo Title,Query 0762 Demo Content
Query 0763 Demo Title,Query 0763 Demo Content
Query 0764 Demo Title,Query 0764 Demo Content
Query 0765 Demo Title,Query 0765 Demo Content
Query 0766 Demo Title,Query 0766 Demo Content
Query 0767 Demo Title,Query 0767 Demo Content
Query 0768 Demo Title,Query 0768 Demo Content
Query 0769 Demo Title,Query 0769 Demo Content
Query 0770 Demo Title,Query 0770 Demo Content
Query 0771 Demo Title,Query 0771 Demo Content
Query 0772 Demo Title,Query 0772 Demo Content
Query 0773 Demo Title,Query 0773 Demo Content
Query 0774 Demo Title,Query 0774 Demo Content
Query 0775 Demo Title,Query 0775 Demo Content
Query 0776 Demo Title,Query 0776 Demo Content
Query 0777 Demo Title,Query 0777 Demo Content
Query 0778 Demo Title,Query 0778 Demo Content
Query 0779 Demo Title,Query 0779 Demo Content
Query 0780 Demo Title,Query 0780 Demo Content
Query 0781 Demo Title,Query 0781 Demo Content
Query 0782 Demo Title,Query 0782 Demo Content
Query 0783 Demo Title,Query 0783 Demo Content
Query 0784 Demo Title,Query 0784 Demo Content
Query 0785 Demo Title,Query 0785 Demo Content
Query 0786 Demo Title,Query 0786 Demo Content
Query 0787 Demo Title,Query 0787 Demo Content
Query 0788 Demo Title,Query 0788 Demo Content
Query 0789 Demo Title,Query 0789 Demo Content
Query 0790 Demo Title,Query 0790 Demo Content
Query 0791 Demo Title,Query 0791 Demo Content
Query 0792 Demo Title,Query 0792 Demo Content
Query 0793 Demo Title,Query 0793 Demo Content
Query 0794 Demo Title,Query 0794 Demo Content
Query 0795 Demo Title,Query 0795 Demo Content
Query 0796 Demo Title,Query 0796 Demo Content
Query 0797 Demo Title,Query 0797 Demo Content
Query 0798 Demo Title,Query 0798 Demo Content
Query 0799 Demo Title,Query 0799 Demo Content
Query 0800 Demo Title,Query 0800 Demo Content
Query 0801 Demo Title,Query 0801 Demo Content
Query 0802 Demo Title,Query 0802 Demo Content
Query 0803 Demo Title,Query 0803 Demo Content
Query 0804 Demo Title,Query 0804 Demo Content
Query 0805 Demo Title,Query 0805 Demo Content
Query 0806 Demo Title,Query 0806 Demo Content
Query 0807 Demo Title,Query 0807 Demo Content
Query 0808 Demo Title,Query 0808 Demo Content
Query 0809 Demo Title,Query 0809 Demo Content
Query 0810 Demo Title,Query 0810 Demo Content
Query 0811 Demo Title,Query 0811 Demo Content
Query 0812 Demo Title,Query 0812 Demo Content
Query 0813 Demo Title,Query 0813 Demo Content
Query 0814 Demo Title,Query 0814 Demo Content
Query 0815 Demo Title,Query 0815 Demo Content
Query 0816 Demo Title,Query 0816 Demo Content
Query 0817 Demo Title,Query 0817 Demo Content
Query 0818 Demo Title,Query 0818 Demo Content
Query 0819 Demo Title,Query 0819 Demo Content
Query 0820 Demo Title,Query 0820 Demo Content
Query 0821 Demo Title,Query 0821 Demo Content
Query 0822 Demo Title,Query 0822 Demo Content
Query 0823 Demo Title,Query 0823 Demo Content
Query 0824 Demo Title,Query 0824 Demo Content
Query 0825 Demo Title,Query 0825 Demo Content
Query 0826 Demo Title,Query 0826 Demo Content
Query 0827 Demo Title,Query 0827 Demo Content
Query 0828 Demo Title,Query 0828 Demo Content
Query 0829 Demo Title,Query 0829 Demo Content
Query 0830 Demo Title,Query 0830 Demo Content
Query 0831 Demo Title,Query 0831 Demo Content
Query 0832 Demo Title,Query 0832 Demo Content
Query 0833 Demo Title,Query 0833 Demo Content
Query 0834 Demo Title,Query 0834 Demo Content
Query 0835 Demo Title,Query 0835 Demo Content
Query 0836 Demo Title,Query 0836 Demo Content
Query 0837 Demo Title,Query 0837 Demo Content
Query 0838 Demo Title,Query 0838 Demo Content
Query 0839 Demo Title,Query 0839 Demo Content
Query 0840 Demo Title,Query 0840 Demo Content
Query 0841 Demo Title,Query 0841 Demo Content
Query 0842 Demo Title,Query 0842 Demo Content
Query 0843 Demo Title,Query 0843 Demo Content
Query 0844 Demo Title,Query 0844 Demo Content
Query 0845 Demo Title,Query 0845 Demo Content
Query 0846 Demo Title,Query 0846 Demo Content
Query 0847 Demo Title,Query 0847 Demo Content
Query 0848 Demo Title,Query 0848 Demo Content
Query 0849 Demo Title,Query 0849 Demo Content
Query 0850 Demo Title,Query 0850 Demo Content
Query 0851 Demo Title,Query 0851 Demo Content
Query 0852 Demo Title,Query 0852 Demo Content
Query 0853 Demo Title,Query 0853 Demo Content
Query 0854 Demo Title,Query 0854 Demo Content
Query 0855 Demo Title,Query 0855 Demo Content
Query 0856 Demo Title,Query 0856 Demo Content
Query 0857 Demo Title,Query 0857 Demo Content
Query 0858 Demo Title,Query 0858 Demo Content
Query 0859 Demo Title,Query 0859 Demo Content
Query 0860 Demo Title,Query 0860 Demo Content
Query 0861 Demo Title,Query 0861 Demo Content
Query 0862 Demo Title,Query 0862 Demo Content
Query 0863 Demo Title,Query 0863 Demo Content
Query 0864 Demo Title,Query 0864 Demo Content
Query 0865 Demo Title,Query 0865 Demo Content
Query 0866 Demo Title,Query 0866 Demo Content
Query 0867 Demo Title,Query 0867 Demo Content
Query 0868 Demo Title,Query 0868 Demo Content
Query 0869 Demo Title,Query 0869 Demo Content
Query 0870 Demo Title,Query 0870 Demo Content
Query 0871 Demo Title,Query 0871 Demo Content
Query 0872 Demo Title,Query 0872 Demo Content
Query 0873 Demo Title,Query 0873 Demo Content
Query 0874 Demo Title,Query 0874 Demo Content
Query 0875 Demo Title,Query 0875 Demo Content
Query 0876 Demo Title,Query 0876 Demo Content
Query 0877 Demo Title,Query 0877 Demo Content
Query 0878 Demo Title,Query 0878 Demo Content
Query 0879 Demo Title,Query 0879 Demo Content
Query 0880 Demo Title,Query 0880 Demo Content
Query 0881 Demo Title,Query 0881 Demo Content
Query 0882 Demo Title,Query 0882 Demo Content
Query 0883 Demo Title,Query 0883 Demo Content
Query 0884 Demo Title,Query 0884 Demo Content
Query 0885 Demo Title,Query 0885 Demo Content
Query 0886 Demo Title,Query 0886 Demo Content
Query 0887 Demo Title,Query 0887 Demo Content
Query 0888 Demo Title,Query 0888 Demo Content
Query 0889 Demo Title,Query 0889 Demo Content
Query 0890 Demo Title,Query 0890 Demo Content
Query 0891 Demo Title,Query 0891 Demo Content
Query 0892 Demo Title,Query 0892 Demo Content
Query 0893 Demo Title,Query 0893 Demo Content
Query 0894 Demo Title,Query 0894 Demo Content
Query 0895 Demo Title,Query 0895 Demo Content
Query 0896 Demo Title,Query 0896 Demo Content
Query 0897 Demo Title,Query 0897 Demo Content
Query 0898 Demo Title,Query 0898 Demo Content
Query 0899 Demo Title,Query 0899 Demo Content
Query 0900 Demo Title,Query 0900 Demo Content
Query 0901 Demo Title,Query 0901 Demo Content
Query 0902 Demo Title,Query 0902 Demo Content
Query 0903 Demo Title,Query 0903 Demo Content
Query 0904 Demo Title,Query 0904 Demo Content
Query 0905 Demo Title,Query 0905 Demo Content
Query 0906 Demo Title,Query 0906 Demo Content
Query 0907 Demo Title,Query 0907 Demo Content
Query 0908 Demo Title,Query 0908 Demo Content
Query 0909 Demo Title,Query 0909 Demo Content
Query 0910 Demo Title,Query 0910 Demo Content
Query 0911 Demo Title,Query 0911 Demo Content
Query 0912 Demo Title,Query 0912 Demo Content
Query 0913 Demo Title,Query 0913 Demo Content
Query 0914 Demo Title,Query 0914 Demo Content
Query 0915 Demo Title,Query 0915 Demo Content
Query 0916 Demo Title,Query 0916 Demo Content
Query 0917 Demo Title,Query 0917 Demo Content
Query 0918 Demo Title,Query 0918 Demo Content
Query 0919 Demo Title,Query 0919 Demo Content
Query 0920 Demo Title,Query 0920 Demo Content
Query 0921 Demo Title,Query 0921 Demo Content
Query 0922 Demo Title,Query 0922 Demo Content
Query 0923 Demo Title,Query 0923 Demo Content
Query 0924 Demo Title,Query 0924 Demo Content
Query 0925 Demo Title,Query 0925 Demo Content
Query 0926 Demo Title,Query 0926 Demo Content
Query 0927 Demo Title,Query 0927 Demo Content
Query 0928 Demo Title,Query 0928 Demo Content
Query 0929 Demo Title,Query 0929 Demo Content
Query 0930 Demo Title,Query 0930 Demo Content
Query 0931 Demo Title,Query 0931 Demo Content
Query 0932 Demo Title,Query 0932 Demo Content
Query 0933 Demo Title,Query 0933 Demo Content
Query 0934 Demo Title,Query 0934 Demo Content
Query 0935 Demo Title,Query 0935 Demo Content
Query 0936 Demo Title,Query 0936 Demo Content
Query 0937 Demo Title,Query 0937 Demo Content
Query 0938 Demo Title,Query 0938 Demo Content
Query 0939 Demo Title,Query 0939 Demo Content
Query 0940 Demo Title,Query 0940 Demo Content
Query 0941 Demo Title,Query 0941 Demo Content
Query 0942 Demo Title,Query 0942 Demo Content
Query 0943 Demo Title,Query 0943 Demo Content
Query 0944 Demo Title,Query 0944 Demo Content
Query 0945 Demo Title,Query 0945 Demo Content
Query 0946 Demo Title,Query 0946 Demo Content
Query 0947 Demo Title,Query 0947 Demo Content
Query 0948 Demo Title,Query 0948 Demo Content
Query 0949 Demo Title,Query 0949 Demo Content
Query 0950 Demo Title,Query 0950 Demo Content
Query 0951 Demo Title,Query 0951 Demo Content
Query 0952 Demo Title,Query 0952 Demo Content
Query 0953 Demo Title,Query 0953 Demo Content
Query 0954 Demo Title,Query 0954 Demo Content
Query 0955 Demo Title,Query 0955 Demo Content
Query 0956 Demo Title,Query 0956 Demo Content
Query 0957 Demo Title,Query 0957 Demo Content
Query 0958 Demo Title,Query 0958 Demo Content
Query 0959 Demo Title,Query 0959 Demo Content
Query 0960 Demo Title,Query 0960 Demo Content
Query 0961 Demo Title,Query 0961 Demo Content
Query 0962 Demo Title,Query 0962 Demo Content
Query 0963 Demo Title,Query 0963 Demo Content
Query 0964 Demo Title,Query 0964 Demo Content
Query 0965 Demo Title,Query 0965 Demo Content
Query 0966 Demo Title,Query 0966 Demo Content
Query 0967 Demo Title,Query 0967 Demo Content
Query 0968 Demo Title,Query 0968 Demo Content
Query 0969 Demo Title,Query 0969 Demo Content
Query 0970 Demo Title,Query 0970 Demo Content
Query 0971 Demo Title,Query 0971 Demo Content
Query 0972 Demo Title,Query 0972 Demo Content
Query 0973 Demo Title,Query 0973 Demo Content
Query 0974 Demo Title,Query 0974 Demo Content
Query 0975 Demo Title,Query 0975 Demo Content
Query 0976 Demo Title,Query 0976 Demo Content
Query 0977 Demo Title,Query 0977 Demo Content
Query 0978 Demo Title,Query 0978 Demo Content
Query 0979 Demo Title,Query 0979 Demo Content
Query 0980 Demo Title,Query 0980 Demo Content
Query 0981 Demo Title,Query 0981 Demo Content
Query 0982 Demo Title,Query 0982 Demo Content
Query 0983 Demo Title,Query 0983 Demo Content
Query 0984 Demo Title,Query 0984 Demo Content
Query 0985 Demo Title,Query 0985 Demo Content
Query 0986 Demo Title,Query 0986 Demo Content
Query 0987 Demo Title,Query 0987 Demo Content
Query 0988 Demo Title,Query 0988 Demo Content
Query 0989 Demo Title,Query 0989 Demo Content
Query 0990 Demo Title,Query 0990 Demo Content
Query 0991 Demo Title,Query 0991 Demo Content
Query 0992 Demo Title,Query 0992 Demo Content
Query 0993 Demo Title,Query 0993 Demo Content
Query 0994 Demo Title,Query 0994 Demo Content
Query 0995 Demo Title,Query 0995 Demo Content
Query 0996 Demo Title,Query 0996 Demo Content
Query 0997 Demo Title,Query 0997 Demo Content
Query 0998 Demo Title,Query 0998 Demo Content
Query 0999 Demo Title,Query 0999 Demo Content
Query 1000 Demo Title,Query 1000 Demo Content
